﻿CID,Cname,Email,PhoneNumber,Subscription,,,
1,Sophia Patel,sophia.patel@example.com,4151235678,monthly,,,
2,Liam Chen,liam.chen@example.com,1351234567,yearly,,,
3,Ava Kim,ava.kim@example.com,9179012345,none,,,
4,Ethan Lee,ethan.lee@example.com,101234567,monthly,,,
5,Isabella Garcia,isabella.garcia@example.com,551234567,yearly,,,
6,Lucas Brooks,lucas.brooks@example.com,1089667322,none,,,
7,Mia Hall,mia.hall@example.com,6469012345,monthly,,,
8,Noah Martin,noah.martin@example.com,9171234567,yearly,,,
9,Charlotte Davis,charlotte.davis@example.com,1234567894,none,,,
10,Elijah Russell,elijah.russell@example.com,5657874264,monthly,,,
11,Amelia White,amelia.white@example.com,8765674455,yearly,,,
12,Oliver Brown,oliver.brown@example.com,4201239876,none,,,
13,Harper Hall,harper.hall@example.com,4159012355,monthly,,,
14,Alexander Reed,alexander.reed@example.com,4159012399,yearly,,,
15,Evelyn Kim,evelyn.kim@example.com,9977428476,none,,,
16,Mason Lee,mason.lee@example.com,8101234567,monthly,,,
17,Aria Martin,aria.martin@example.com,3339487657,yearly,,,
18,Logan Brooks,logan.brooks@example.com,2299946782,none,,,
19,Piper Russell,piper.russell@example.com,4154155555,monthly,,,
20,Benjamin White,benjamin.white@example.com,9374280005,yearly,,,
21,Abigail Hall,abigail.hall@example.com,9936672832,none,,,
22,Caleb Davis,caleb.davis@example.com,1569732832,monthly,,,
23,Emily Martin,emily.martin@example.com,4159016345,yearly,,,
24,Julian Brooks,julian.brooks@example.com,3159012345,none,,,
25,Aubrey Russell,aubrey.russell@example.com,9159012345,monthly,,,
26,Landon Lee,landon.lee@example.com,2801234567,yearly,,,
27,Sofia Patel,sofia.patel@example.com,4159012345,none,,,
28,Ethan Kim,ethan.kim@example.com,4329018345,monthly,,,
29,Charlotte Garcia,charlotte.garcia@example.com,2551234567,yearly,,,
30,Noah White,noah.white@example.com,6789464145,none,,,
,,,,,,,
