CID,StreetNum,StreetName,City,State,ZipCode
1,123,Main St,Chicago,IL,60601
2,456,Elm St,Springfield,IL,62701
3,789,Oak St,Aurora,IL,60505
4,321,Maple St,Rockford,IL,61101
5,901,Pine St,Joliet,IL,60432
6,234,Cedar St,Naperville,IL,60540
7,567,Linden St,Cicero,IL,60804
8,890,Hickory St,Waukegan,IL,60085
9,456,Spruce St,Peoria,IL,61603
10,111,Walnut St,Evanston,IL,60201
11,222,Birch St,Elgin,IL,60120
12,333,Ash St,Champaign,IL,61820
13,444,Fir St,Decatur,IL,62522
14,555,Cypress St,Belleville,IL,62220
15,666,Sycamore St,Urbana,IL,61801
16,777,Magnolia St,East St. Louis,IL,62201
17,888,Poplar St,Carpentersville,IL,60110
18,999,Chestnut St,Bloomington,IL,61701
19,101,Cedarwood St,Glenview,IL,60025
20,202,Cypresswood St,Alton,IL,62002
21,303,Evergreen St,Batavia,IL,60510
22,404,Sprucewood St,Collinsville,IL,62234
23,505,Hawthorn St,Woodstock,IL,60098
24,606,Ridgewood St,Gurnee,IL,60031
25,707,Olive St,Romeoville,IL,60446