DID,DName,PhoneNumber,Email
1,Astrid,123-456-7890,astrid@gmail.com
2,Kaito,987-654-3210,kaito@yahoo.com
3,Sofia,555-123-4567,sofia@hotmail.com
4,Jaden,111-222-3333,jaden@aol.com
5,Luna,444-555-6666,luna@outlook.com
6,Ethan,888-999-0000,ethan@protonmail.com
7,Ava,222-333-4444,ava@icloud.com
8,Liam,666-777-8888,liam@yandex.com
9,Noah,999-000-1111,noah@tutanota.com
10,Mia,333-444-5555,mia@centrum.cz
11,Oliver,777-888-9999,oliver@seznam.cz
12,Charlotte,555-666-7777,charlotte@seznam.cz
13,Elijah,888-999-0000,elijah@centrum.cz
14,Amelia,444-555-6666,amelia@seznam.cz
15,James,222-333-4444,james@seznam.cz
16,Harper,666-777-8888,harper@seznam.cz
17,William,999-000-1111,william@seznam.cz
18,Evelyn,333-444-5555,evelyn@seznam.cz
19,Benjamin,777-888-9999,benjamin@seznam.cz
20,Isabella,555-666-7777,isabella@seznam.cz
21,Logan,888-999-0000,logan@seznam.cz
22,Sophia,444-555-6666,sophia@seznam.cz
23,Alexander,222-333-4444,alexander@seznam.cz
24,Mila,666-777-8888,mila@seznam.cz
25,Henry,999-000-1111,henry@seznam.cz