RID,RName,FType,OTime,CTime,Rating,APrice
1,Bistro Bliss,French,10:30:00,22:45:00,4.5,2
2,Sushi Haven,Japanese,12:00:00,23:15:00,4.25,1
3,Taco Fiesta,Mexican,13:30:00,20:45:00,4.75,3
4,Pasta Palace,Italian,14:00:00,21:00:00,4.5,2
5,Curry House,Indian,15:30:00,22:15:00,4,1
6,Burger Barn,American,11:00:00,19:30:00,4.25,3
7,Ramen Den,Japanese,16:00:00,21:30:00,4.75,2
8,Steakhouse,Steakhouse,12:30:00,22:00:00,4.5,3
9,Falafel Corner,Middle Eastern,13:00:00,20:15:00,4.25,1
10,Wok Express,Chinese,14:30:00,21:45:00,4.75,2
11,Sandwich Co.,Sandwich Shop,11:30:00,19:00:00,4.5,3
12,Pizza Parlor,Pizza,15:00:00,22:30:00,4.25,1
13,Cafe Delight,Cafe,12:00:00,21:45:00,4.75,2
14,Barbecue Joint,Barbecue,13:30:00,20:00:00,4.5,3
15,Kebab Shop,Middle Eastern,14:00:00,21:15:00,4.25,1
16,Soup Kitchen,Soup,11:00:00,19:45:00,4.75,2
17,Dessert Cafe,Dessert,15:30:00,22:00:00,4.5,3
18,Food Truck,Food Truck,16:00:00,21:30:00,4.25,1
19,Catering Co.,Catering,12:30:00,20:15:00,4.75,2
20,Buffet Restaurant,Buffet,13:00:00,21:45:00,4.5,3
21,Fast Food Joint,Fast Food,11:30:00,19:00:00,4.25,1
22,Cafe Europa,European,14:30:00,22:00:00,4.75,2
23,Food Hall,Food Hall,15:00:00,21:30:00,4.5,3
24,Bakery Cafe,Bakery,16:30:00,22:15:00,4.25,1
25,Deli Counter,Deli,12:00:00,20:45:00,4.75,2