RID,StreetNum,StreetName,City,State,ZipCode
1,15,Main St,Chicago,IL,60007
2,22,Park Ave,Aurora,IL,60505
3,8,Oak St,Springfield,IL,62711
4,31,Broadway,Joliet,IL,60432
5,42,Maple St,Naperville,IL,60540
6,58,Elm St,Evanston,IL,60201
7,67,Washington St,Waukegan,IL,60085
8,91,Jefferson St,Rockford,IL,61101
9,13,Harrison St,Peoria,IL,61602
10,29,Grant St,Champaign,IL,61820
11,46,Madison St,Bloomington,IL,61701
12,75,Jackson St,Urbana,IL,61801
13,85,McLean St,Danville,IL,61832
14,97,Franklin St,Decatur,IL,62522
15,111,Lincoln St,Mattoon,IL,61938
16,125,Washington St,Charleston,IL,61920
17,139,Jefferson St,Carbondale,IL,62901
18,152,Market St,Belleville,IL,62220
19,168,Main St,Alton,IL,62002
20,182,Broadway,East St. Louis,IL,62201
21,198,Market St,Collinsville,IL,62234
22,213,Washington St,Edwardsville,IL,62025
23,229,Main St,Glen Carbon,IL,62034
24,245,Broadway,Granite City,IL,62040
25,261,Market St,Fairview Heights,IL,61872